<?xml version="1.0" encoding="UTF-8"?>
<GenRun Id="impl_1" LaunchPart="xc7s15ftgb196-1" LaunchTime="1596267426">
  <File Type="BITSTR-BMM" Name="Motor_control_bd.bmm"/>
  <File Type="OPT-METHODOLOGY-DRC" Name="Motor_control_methodology_drc_opted.rpt"/>
  <File Type="INIT-TIMING" Name="Motor_control_timing_summary_init.rpt"/>
  <File Type="ROUTE-PWR" Name="Motor_control_power_routed.rpt"/>
  <File Type="PA-TCL" Name="Motor_control.tcl"/>
  <File Type="OPT-TIMING" Name="Motor_control_timing_summary_opted.rpt"/>
  <File Type="OPT-DCP" Name="Motor_control_opt.dcp"/>
  <File Type="ROUTE-PWR-SUM" Name="Motor_control_power_summary_routed.pb"/>
  <File Type="REPORTS-TCL" Name="Motor_control_reports.tcl"/>
  <File Type="OPT-DRC" Name="Motor_control_drc_opted.rpt"/>
  <File Type="OPT-HWDEF" Name="Motor_control.hwdef"/>
  <File Type="PWROPT-DCP" Name="Motor_control_pwropt.dcp"/>
  <File Type="PWROPT-DRC" Name="Motor_control_drc_pwropted.rpt"/>
  <File Type="PWROPT-TIMING" Name="Motor_control_timing_summary_pwropted.rpt"/>
  <File Type="PLACE-DCP" Name="Motor_control_placed.dcp"/>
  <File Type="PLACE-IO" Name="Motor_control_io_placed.rpt"/>
  <File Type="PLACE-CLK" Name="Motor_control_clock_utilization_placed.rpt"/>
  <File Type="PLACE-UTIL" Name="Motor_control_utilization_placed.rpt"/>
  <File Type="PLACE-UTIL-PB" Name="Motor_control_utilization_placed.pb"/>
  <File Type="PLACE-CTRL" Name="Motor_control_control_sets_placed.rpt"/>
  <File Type="PLACE-SIMILARITY" Name="Motor_control_incremental_reuse_placed.rpt"/>
  <File Type="PLACE-PRE-SIMILARITY" Name="Motor_control_incremental_reuse_pre_placed.rpt"/>
  <File Type="BG-BGN" Name="Motor_control.bgn"/>
  <File Type="PLACE-TIMING" Name="Motor_control_timing_summary_placed.rpt"/>
  <File Type="POSTPLACE-PWROPT-DCP" Name="Motor_control_postplace_pwropt.dcp"/>
  <File Type="BG-BIN" Name="Motor_control.bin"/>
  <File Type="POSTPLACE-PWROPT-TIMING" Name="Motor_control_timing_summary_postplace_pwropted.rpt"/>
  <File Type="PHYSOPT-DCP" Name="Motor_control_physopt.dcp"/>
  <File Type="PHYSOPT-DRC" Name="Motor_control_drc_physopted.rpt"/>
  <File Type="BITSTR-MSK" Name="Motor_control.msk"/>
  <File Type="PHYSOPT-TIMING" Name="Motor_control_timing_summary_physopted.rpt"/>
  <File Type="ROUTE-ERROR-DCP" Name="Motor_control_routed_error.dcp"/>
  <File Type="ROUTE-DCP" Name="Motor_control_routed.dcp"/>
  <File Type="ROUTE-BLACKBOX-DCP" Name="Motor_control_routed_bb.dcp"/>
  <File Type="ROUTE-DRC" Name="Motor_control_drc_routed.rpt"/>
  <File Type="ROUTE-DRC-PB" Name="Motor_control_drc_routed.pb"/>
  <File Type="BITSTR-LTX" Name="debug_nets.ltx"/>
  <File Type="BITSTR-LTX" Name="Motor_control.ltx"/>
  <File Type="ROUTE-DRC-RPX" Name="Motor_control_drc_routed.rpx"/>
  <File Type="BITSTR-MMI" Name="Motor_control.mmi"/>
  <File Type="ROUTE-METHODOLOGY-DRC" Name="Motor_control_methodology_drc_routed.rpt"/>
  <File Type="ROUTE-METHODOLOGY-DRC-RPX" Name="Motor_control_methodology_drc_routed.rpx"/>
  <File Type="BITSTR-SYSDEF" Name="Motor_control.sysdef"/>
  <File Type="ROUTE-METHODOLOGY-DRC-PB" Name="Motor_control_methodology_drc_routed.pb"/>
  <File Type="ROUTE-PWR-RPX" Name="Motor_control_power_routed.rpx"/>
  <File Type="ROUTE-STATUS" Name="Motor_control_route_status.rpt"/>
  <File Type="ROUTE-STATUS-PB" Name="Motor_control_route_status.pb"/>
  <File Type="ROUTE-TIMINGSUMMARY" Name="Motor_control_timing_summary_routed.rpt"/>
  <File Type="ROUTE-TIMING-PB" Name="Motor_control_timing_summary_routed.pb"/>
  <File Type="ROUTE-TIMING-RPX" Name="Motor_control_timing_summary_routed.rpx"/>
  <File Type="ROUTE-SIMILARITY" Name="Motor_control_incremental_reuse_routed.rpt"/>
  <File Type="ROUTE-CLK" Name="Motor_control_clock_utilization_routed.rpt"/>
  <File Type="ROUTE-BUS-SKEW" Name="Motor_control_bus_skew_routed.rpt"/>
  <File Type="ROUTE-BUS-SKEW-PB" Name="Motor_control_bus_skew_routed.pb"/>
  <File Type="ROUTE-BUS-SKEW-RPX" Name="Motor_control_bus_skew_routed.rpx"/>
  <File Type="POSTROUTE-PHYSOPT-DCP" Name="Motor_control_postroute_physopt.dcp"/>
  <File Type="POSTROUTE-PHYSOPT-BLACKBOX-DCP" Name="Motor_control_postroute_physopt_bb.dcp"/>
  <File Type="POSTROUTE-PHYSOPT-TIMING" Name="Motor_control_timing_summary_postroute_physopted.rpt"/>
  <File Type="POSTROUTE-PHYSOPT-TIMING-PB" Name="Motor_control_timing_summary_postroute_physopted.pb"/>
  <File Type="POSTROUTE-PHYSOPT-TIMING-RPX" Name="Motor_control_timing_summary_postroute_physopted.rpx"/>
  <File Type="POSTROUTE-PHYSOPT-BUS-SKEW" Name="Motor_control_bus_skew_postroute_physopted.rpt"/>
  <File Type="POSTROUTE-PHYSOPT-BUS-SKEW-PB" Name="Motor_control_bus_skew_postroute_physopted.pb"/>
  <File Type="BG-BIT" Name="Motor_control.bit"/>
  <File Type="POSTROUTE-PHYSOPT-BUS-SKEW-RPX" Name="Motor_control_bus_skew_postroute_physopted.rpx"/>
  <File Type="BITSTR-RBT" Name="Motor_control.rbt"/>
  <File Type="BITSTR-NKY" Name="Motor_control.nky"/>
  <File Type="BG-DRC" Name="Motor_control.drc"/>
  <File Type="RDI-RDI" Name="Motor_control.vdi"/>
  <File Type="WBT-USG" Name="usage_statistics_webtalk.html"/>
  <FileSet Name="sources" Type="DesignSrcs" RelSrcDir="$PSRCDIR/sources_1">
    <Filter Type="Srcs"/>
    <File Path="$PSRCDIR/sources_1/new/Clk_Division.v">
      <FileInfo>
        <Attr Name="UsedIn" Val="synthesis"/>
        <Attr Name="UsedIn" Val="implementation"/>
        <Attr Name="UsedIn" Val="simulation"/>
      </FileInfo>
    </File>
    <File Path="$PSRCDIR/sources_1/new/Driver_PWM.v">
      <FileInfo>
        <Attr Name="UsedIn" Val="synthesis"/>
        <Attr Name="UsedIn" Val="implementation"/>
        <Attr Name="UsedIn" Val="simulation"/>
      </FileInfo>
    </File>
    <File Path="$PSRCDIR/sources_1/new/Driver_UART.v">
      <FileInfo>
        <Attr Name="UsedIn" Val="synthesis"/>
        <Attr Name="UsedIn" Val="implementation"/>
        <Attr Name="UsedIn" Val="simulation"/>
      </FileInfo>
    </File>
    <File Path="$PSRCDIR/sources_1/new/UART_Send.v">
      <FileInfo>
        <Attr Name="UsedIn" Val="synthesis"/>
        <Attr Name="UsedIn" Val="implementation"/>
        <Attr Name="UsedIn" Val="simulation"/>
      </FileInfo>
    </File>
    <File Path="$PSRCDIR/sources_1/new/Motor_control.v">
      <FileInfo>
        <Attr Name="UsedIn" Val="synthesis"/>
        <Attr Name="UsedIn" Val="implementation"/>
        <Attr Name="UsedIn" Val="simulation"/>
      </FileInfo>
    </File>
    <Config>
      <Option Name="DesignMode" Val="RTL"/>
      <Option Name="TopModule" Val="Motor_control"/>
      <Option Name="TopAutoSet" Val="TRUE"/>
    </Config>
  </FileSet>
  <FileSet Name="constrs_in" Type="Constrs" RelSrcDir="$PSRCDIR/constrs_1">
    <Filter Type="Constrs"/>
    <File Path="$PSRCDIR/constrs_1/new/system.xdc">
      <FileInfo>
        <Attr Name="UsedIn" Val="synthesis"/>
        <Attr Name="UsedIn" Val="implementation"/>
      </FileInfo>
    </File>
    <Config>
      <Option Name="ConstrsType" Val="XDC"/>
    </Config>
  </FileSet>
  <FileSet Name="utils" Type="Utils" RelSrcDir="$PSRCDIR/utils_1">
    <Filter Type="Utils"/>
    <Config>
      <Option Name="TopAutoSet" Val="TRUE"/>
    </Config>
  </FileSet>
  <Strategy Version="1" Minor="2">
    <StratHandle Name="Vivado Implementation Defaults" Flow="Vivado Implementation 2018"/>
    <Step Id="init_design"/>
    <Step Id="opt_design"/>
    <Step Id="power_opt_design"/>
    <Step Id="place_design"/>
    <Step Id="post_place_power_opt_design"/>
    <Step Id="phys_opt_design"/>
    <Step Id="route_design"/>
    <Step Id="post_route_phys_opt_design"/>
    <Step Id="write_bitstream"/>
  </Strategy>
  <BlockFileSet Type="BlockSrcs" Name="clk_wiz_0"/>
</GenRun>
